{"cameraMode":{"drawMode":0,"name":"Shaded","section":"Shading Mode"},"sceneLighting":false,"audioPlay":false,"sceneViewState":{"m_AlwaysRefresh":false,"showFog":true,"showSkybox":true,"showFlares":true,"showImageEffects":true,"showParticleSystems":true,"showVisualEffectGraphs":true,"m_FxEnabled":true},"in2DMode":false,"pivot":{"x":1.6642258167266846,"y":0.3175869286060333,"z":-0.2314755618572235},"rotation":{"x":-0.021817659959197046,"y":0.9730749726295471,"z":-0.20466828346252442,"w":-0.10372991114854813},"size":11.423843383789063,"orthographic":false}